case,family,size,shape,dtype,budget,backend,status,agreement_pass,solution_scaled_error,criterion_scaled_error,median_s,min_s,max_s,fit_median_s,prepare_median_s,max_score,score_flag,cap_hit,iterations,reason,same_host_speedup,mac_cpu_runtime_ratio
wls_1,wls,small,1000 × 8,float32,tolerance,mac-cpu,ok,True,0.0,0.0,0.0005184998735785484,0.0005062082782387733,0.0005828752182424068,0.0004872088320553303,2.570822834968567e-05,,False,False,"[1,1,1]",,1.0,1.0
wls_1,wls,small,1000 × 8,float32,tolerance,mac-mps,error,,,,,,,,,,False,False,,MPS SVD operation unavailable,,
wls_1,wls,small,1000 × 8,float32,tolerance,fwk-cpu,ok,True,4.549811196484779e-08,1.5394293279739667e-09,0.0010591360041871667,0.001054940978065133,0.001099364017136395,0.000991345033980906,4.9547990784049034e-05,,False,False,"[1,1,1]",,1.0,0.48954985150983593
wls_1,wls,small,1000 × 8,float32,tolerance,fwk-cuda,ok,True,2.2749055982423896e-08,8.140008379908209e-10,0.001777247991412878,0.001761547988280654,0.0017799650086089969,0.0015682410448789597,0.00015562493354082108,,False,False,"[1,1,1]",,0.595941595829389,0.29174311974681205
wls_2,wls,medium,20000 × 32,float32,tolerance,mac-cpu,ok,True,0.0,0.0,0.007867749780416489,0.007826624903827906,0.008021958637982607,0.007828624919056892,2.77077779173851e-05,,False,False,"[1,1,1]",,1.0,1.0
wls_2,wls,medium,20000 × 32,float32,tolerance,mac-mps,error,,,,,,,,,,False,False,,MPS SVD operation unavailable,,
wls_2,wls,medium,20000 × 32,float32,tolerance,fwk-cpu,ok,True,2.2129617363906126e-07,8.338049450634084e-11,0.0066525619477033615,0.006601770990528166,0.006803149008192122,0.0065798250725492835,4.7732959501445293e-05,,False,False,"[1,1,1]",,1.0,1.1826646399185567
wls_2,wls,medium,20000 × 32,float32,tolerance,fwk-cuda,ok,True,9.621572766915707e-08,6.346542228529987e-11,0.003889958024956286,0.0038820100016891956,0.003893801011145115,0.0026735570281744003,0.001163595006801188,,False,False,"[1,1,1]",,1.710188620294462,2.0225796088133636
wls_3,wls,large,200000 × 64,float32,tolerance,mac-cpu,ok,True,0.0,0.0,0.18447891669347882,0.18408070784062147,0.18949670810252428,0.1844335002824664,2.466607838869095e-05,,False,False,"[1,1,1]",,1.0,1.0
wls_3,wls,large,200000 × 64,float32,tolerance,mac-mps,error,,,,,,,,,,False,False,,MPS SVD operation unavailable,,
wls_3,wls,large,200000 × 64,float32,tolerance,fwk-cpu,ok,True,5.527619416691051e-06,9.141823404890605e-11,0.22494055598508567,0.21442650398239493,0.2273591449484229,0.2248548800125718,5.058699753135443e-05,,False,False,"[1,1,1]",,1.0,0.8201229693133256
wls_3,wls,large,200000 × 64,float32,tolerance,fwk-cuda,ok,True,7.572704119336473e-08,2.0457571787708083e-11,0.035905007971450686,0.0358230909332633,0.03591352596413344,0.01796589605510235,0.01785428693983704,,False,False,"[1,1,1]",,6.2648797115974375,5.137971751466101
twfe_1,twfe,small,2000 × 8,float64,tolerance,mac-cpu,ok,True,0.0,0.0,0.0018314998596906662,0.0017565828748047352,0.0018574581481516361,0.0017980840057134628,2.4916138499975204e-05,,False,False,"[1,1,1]",,1.0,1.0
twfe_1,twfe,small,2000 × 8,float64,tolerance,mac-mps,error,,,,,,,,,,False,False,,MPS has no float64,,
twfe_1,twfe,small,2000 × 8,float64,tolerance,fwk-cpu,ok,True,2.9720056694869714e-16,0.0,0.0023748709354549646,0.0023733610287308693,0.002792798914015293,0.0023074159398674965,5.219294689595699e-05,,False,False,"[1,1,1]",,1.0,0.7711997449410014
twfe_1,twfe,small,2000 × 8,float64,tolerance,fwk-cuda,ok,True,2.9720056694869714e-16,0.0,0.004576676990836859,0.004531080019660294,0.00463212700560689,0.00427023705560714,0.0002488209865987301,,False,False,"[1,1,1]",,0.5189072639842806,0.40018114963271006
twfe_2,twfe,medium,20000 × 16,float64,tolerance,mac-cpu,ok,True,0.0,0.0,0.015551416669040918,0.01547662541270256,0.015673166140913963,0.01550645800307393,2.6833266019821167e-05,,False,False,"[1,1,1]",,1.0,1.0
twfe_2,twfe,medium,20000 × 16,float64,tolerance,mac-mps,error,,,,,,,,,,False,False,,MPS has no float64,,
twfe_2,twfe,medium,20000 × 16,float64,tolerance,fwk-cpu,ok,True,9.259145459883578e-16,0.0,0.013222885085269809,0.013175111962482333,0.014540114090777934,0.013135478016920388,6.0036079958081245e-05,,False,False,"[1,1,1]",,1.0,1.1760986024422972
twfe_2,twfe,medium,20000 × 16,float64,tolerance,fwk-cuda,ok,True,4.629572729941789e-16,5.633188105423549e-17,0.006615026039071381,0.006609339965507388,0.007038368959911168,0.0051940459525212646,0.0013712219661101699,,False,False,"[1,1,1]",,1.9989165586302122,2.350922971003759
twfe_3,twfe,large,200000 × 32,float64,tolerance,mac-cpu,ok,True,0.0,0.0,0.296812083106488,0.29177524987608194,0.3028721669688821,0.2967631248757243,3.062468022108078e-05,,False,False,"[1,1,1]",,1.0,1.0
twfe_3,twfe,large,200000 × 32,float64,tolerance,mac-mps,error,,,,,,,,,,False,False,,MPS has no float64,,
twfe_3,twfe,large,200000 × 32,float64,tolerance,fwk-cpu,ok,True,1.9145700280116282e-15,0.0,0.568327400018461,0.564316590083763,0.5854398990049958,0.568233861005865,5.922303535044193e-05,,False,False,"[1,1,1]",,1.0,0.5222554518695502
twfe_3,twfe,large,200000 × 32,float64,tolerance,fwk-cuda,ok,True,1.3318748020950456e-15,0.0,0.06748789292760193,0.06747252098284662,0.06749686691910028,0.04786400601733476,0.019565347000025213,,False,False,"[1,1,1]",,8.421175641505624,4.3980048899273685
binary_logit_1,binary_logit,small,1000 × 8,float32,tolerance,mac-cpu,ok,True,0.0,0.0,0.0032308329828083515,0.0031945407390594482,0.003245582804083824,0.003191042225807905,2.862466499209404e-05,5.098560958938236e-07,False,False,"[12,12,12]",,1.0,1.0
binary_logit_1,binary_logit,small,1000 × 8,float32,tolerance,mac-mps,ok,True,2.2676879547082847e-08,4.826358806284637e-15,0.05884008388966322,0.05796312494203448,0.05943466676399112,0.057025957852602005,0.0013223746791481972,5.152680376743213e-07,False,False,"[12,12,12]",,0.054908707962871055,0.054908707962871055
binary_logit_1,binary_logit,small,1000 × 8,float32,tolerance,fwk-cpu,ok,True,1.3907118126859717e-08,1.7428517911583412e-15,0.005429856013506651,0.005415780004113913,0.005620471900328994,0.005359262926504016,5.0705973990261555e-05,5.095916267470191e-07,False,False,"[12,12,12]",,1.0,0.5950126439396779
binary_logit_1,binary_logit,small,1000 × 8,float32,tolerance,fwk-cuda,ok,True,2.2676879547082847e-08,6.971407164633365e-15,0.016635678941383958,0.016022191965021193,0.016998146078549325,0.01640269998461008,0.00016298610717058182,5.158405455223392e-07,False,False,"[12,12,12]",,0.3263982211149195,0.19421106852279582
binary_logit_2,binary_logit,medium,20000 × 32,float32,tolerance,mac-cpu,ok,True,0.0,0.0,0.020252250134944916,0.020184291061013937,0.020292750094085932,0.020211999770253897,2.929195761680603e-05,1.5758226160158628e-05,False,False,"[12,12,12]",,1.0,1.0
binary_logit_2,binary_logit,medium,20000 × 32,float32,tolerance,mac-mps,ok,True,4.890670678921428e-05,2.4024266741292647e-09,0.07196716638281941,0.0716272909194231,0.08075879095122218,0.07020749989897013,0.0013920832425355911,3.309844683521135e-08,False,False,"[12,12,12]",,0.28140958096385044,0.28140958096385044
binary_logit_2,binary_logit,medium,20000 × 32,float32,tolerance,fwk-cpu,ok,True,1.166633459086753e-06,1.1463674040838943e-10,0.0722469249740243,0.07193461898714304,0.12691697792615741,0.07211757509503514,8.653092663735151e-05,1.5381619955854147e-05,False,False,"[12,12,12]",,1.0,0.28031989101579646
binary_logit_2,binary_logit,medium,20000 × 32,float32,tolerance,fwk-cuda,ok,True,0.00014449068681104537,6.6544226817422605e-09,0.09561904205475003,0.09322409995365888,0.09832426498178393,0.09439812891650945,0.0011726509546861053,3.070246290308723e-05,False,False,"[12,12,12]",,0.7555704744736597,0.21180143305920993
binary_logit_3,binary_logit,large,200000 × 64,float32,tolerance,mac-cpu,ok,True,0.0,0.0,0.06087987497448921,0.06086766719818115,0.06114408327266574,0.06082891719415784,2.8833281248807907e-05,7.173960544859526e-09,False,False,"[12,12,12]",,1.0,1.0
binary_logit_3,binary_logit,large,200000 × 64,float32,tolerance,mac-mps,ok,True,4.30215910599592e-06,2.184765664383112e-11,0.2388388328254223,0.2382474998012185,0.23900991678237915,0.23512283293530345,0.0027633337303996086,1.1460718970670091e-06,False,False,"[12,12,12]",,0.25489939912321113,0.25489939912321113
binary_logit_3,binary_logit,large,200000 × 64,float32,tolerance,fwk-cpu,ok,True,4.3136912411115066e-06,2.196462188787694e-11,0.29472973104566336,0.2869061880046502,0.3277110030176118,0.2946209399960935,6.693298928439617e-05,1.1491838910604348e-06,False,False,"[12,12,12]",,1.0,0.2065617023382582
binary_logit_3,binary_logit,large,200000 × 64,float32,tolerance,fwk-cuda,ok,True,2.3077845249653183e-07,4.790852594036021e-16,0.037007816950790584,0.0369552030460909,0.05018006998579949,0.019419797929003835,0.017516860971227288,2.0323056013696327e-09,False,False,"[12,12,12]",,7.963985863785655,1.6450544774213887
poisson_1,poisson,small,1000 × 8,float32,tolerance,mac-cpu,ok,True,0.0,0.0,0.0019282498396933079,0.0019155419431626797,0.00198991596698761,0.0018950407393276691,2.437504008412361e-05,2.3990777057882438e-05,False,False,"[12,12,12]",,1.0,1.0
poisson_1,poisson,small,1000 × 8,float32,tolerance,mac-mps,ok,True,1.2433688033296422e-08,2.706043654739971e-14,0.05598049983382225,0.055585792288184166,0.05605604173615575,0.05442433292046189,0.0011978340335190296,2.3991676500202175e-05,False,False,"[12,12,12]",,0.03444502720442484,0.03444502720442484
poisson_1,poisson,small,1000 × 8,float32,tolerance,fwk-cpu,ok,True,1.2433688033296422e-08,9.008799420811477e-14,0.005234153009951115,0.005211997893638909,0.005254465970210731,0.0051680480828508735,5.0431001000106335e-05,2.3990568461448313e-05,False,False,"[12,12,12]",,1.0,0.36839768268664297
poisson_1,poisson,small,1000 × 8,float32,tolerance,fwk-cuda,ok,True,7.216563123719658e-09,1.263387676961408e-13,0.016866991063579917,0.016184526961296797,0.016867911093868315,0.016646314994432032,0.00014325999654829502,2.3990473712122818e-05,False,False,"[12,12,12]",,0.3103193088927977,0.11432091428902723
poisson_2,poisson,medium,20000 × 32,float32,tolerance,mac-cpu,ok,True,0.0,0.0,0.005843957886099815,0.005657792091369629,0.0058984579518437386,0.005803749896585941,2.9999762773513794e-05,9.10162626310509e-05,False,False,"[12,12,12]",,1.0,1.0
poisson_2,poisson,medium,20000 × 32,float32,tolerance,mac-mps,ok,True,2.7381119000132075e-08,4.882504530101549e-13,0.06688774982467294,0.0660783750936389,0.07117691682651639,0.06503554107621312,0.0014992919750511646,9.100724255397292e-05,False,False,"[12,12,12]",,0.08736962898913592,0.08736962898913592
poisson_2,poisson,medium,20000 × 32,float32,tolerance,fwk-cpu,ok,True,3.6508158666842764e-08,1.5776692162412824e-12,0.008392993011511862,0.008062680950388312,0.008483796962536871,0.008307709009386599,6.263807881623507e-05,9.103176559403804e-05,False,False,"[12,12,12]",,1.0,0.6962900931865688
poisson_2,poisson,medium,20000 × 32,float32,tolerance,fwk-cuda,ok,True,0.00020449740842576417,1.803747618645961e-08,0.06075025803875178,0.06062087800819427,0.06081319600343704,0.05951698508579284,0.001160191954113543,0.000189143135358417,True,False,"[12,12,12]",,0.1381556767406335,0.09619642903198918
poisson_3,poisson,large,200000 × 64,float32,tolerance,mac-cpu,ok,True,0.0,0.0,0.04962550010532141,0.04891812475398183,0.049759207759052515,0.04957766691222787,2.520764246582985e-05,3.052737119116376e-05,False,False,"[12,12,12]",,1.0,1.0
poisson_3,poisson,large,200000 × 64,float32,tolerance,mac-mps,ok,True,5.7381077836985116e-08,1.8430038859368706e-14,0.09767483314499259,0.09394987486302853,0.09880179073661566,0.09431141708046198,0.0029960828833281994,3.052718263146414e-05,False,False,"[12,12,12]",,0.5080684400213435,0.5080684400213435
poisson_3,poisson,large,200000 × 64,float32,tolerance,fwk-cpu,ok,True,5.831032606106585e-08,4.4289507713760186e-13,0.1020920219598338,0.10104016796685755,0.10259919904638082,0.10199112806003541,6.527896039187908e-05,3.054163406384656e-05,False,False,"[12,12,12]",,1.0,0.48608597569794076
poisson_3,poisson,large,200000 × 64,float32,tolerance,fwk-cuda,ok,True,5.784570194902548e-08,1.0460913022358189e-13,0.04861411196179688,0.046236442984081805,0.05036700703203678,0.03099054901394993,0.017510743928141892,3.0518977809852945e-05,False,False,"[12,12,12]",,2.1000490976789257,1.0208044146588406
multinomial_1,multinomial,small,1000 × 6 × 4,float32,tolerance,mac-cpu,ok,True,0.0,0.0,0.021582916844636202,0.021437999792397022,0.021694165654480457,0.02154125040397048,2.9416754841804504e-05,2.846839903293465e-05,False,False,"[12,12,12]",,1.0,1.0
multinomial_1,multinomial,small,1000 × 6 × 4,float32,tolerance,mac-mps,ok,True,0.00013510108829579905,6.6066553803283424e-09,0.2771087917499244,0.2763896659016609,0.2776250415481627,0.27549483301118016,0.001248084008693695,2.0935966091513844e-05,False,False,"[12,12,12]",,0.07788607755221857,0.07788607755221857
multinomial_1,multinomial,small,1000 × 6 × 4,float32,tolerance,fwk-cpu,ok,True,0.0003190267360514605,9.792701468077462e-09,0.031601422000676394,0.03158162801992148,0.0316837850259617,0.03152099496219307,5.3530093282461166e-05,1.892797125201895e-05,False,False,"[12,12,12]",,1.0,0.682972963817079
multinomial_1,multinomial,small,1000 × 6 × 4,float32,tolerance,fwk-cuda,ok,True,0.00013515060610458187,6.607836646833942e-09,0.08902728196699172,0.08609913405962288,0.0907264119014144,0.08881720702629536,0.00015098601579666138,2.0934939761041883e-05,False,False,"[12,12,12]",,0.3549633472174644,0.24243036929554257
multinomial_2,multinomial,medium,20000 × 12 × 5,float32,tolerance,mac-cpu,ok,True,0.0,0.0,0.059936416801065207,0.058100415859371424,0.06026966730132699,0.059891208074986935,3.0333176255226135e-05,9.205214123401338e-06,False,False,"[12,12,12]",,1.0,1.0
multinomial_2,multinomial,medium,20000 × 12 × 5,float32,tolerance,mac-mps,ok,True,1.8290133956263683e-06,3.135447583625816e-11,0.43366937479004264,0.4267235407605767,0.442394417244941,0.43189941719174385,0.0013256659731268883,9.083468235131118e-06,False,False,"[12,12,12]",,0.13820763070964584,0.13820763070964584
multinomial_2,multinomial,medium,20000 × 12 × 5,float32,tolerance,fwk-cpu,ok,True,0.0003999442625102992,4.4624897792684165e-08,0.10173837805632502,0.10155489994212985,0.10338984406553209,0.10165348299778998,5.409400910139084e-05,2.3667051258621417e-05,False,False,"[12,12,12]",,1.0,0.5891229833434424
multinomial_2,multinomial,medium,20000 × 12 × 5,float32,tolerance,fwk-cuda,ok,True,1.795142777188843e-06,3.1482173544871894e-11,0.07716128800529987,0.07692220294848084,0.08523758803494275,0.07637961697764695,0.0007285899482667446,9.063847140413144e-06,False,False,"[12,12,12]",,1.3185158087218174,0.7767679668196886
multinomial_3,multinomial,large,200000 × 24 × 6,float32,tolerance,mac-cpu,ok,True,0.0,0.0,0.2535574580542743,0.24654754204675555,0.2825612500309944,0.2535025840625167,3.4207943826913834e-05,5.203263579294854e-07,False,False,"[12,12,12]",,1.0,1.0
multinomial_3,multinomial,large,200000 × 24 × 6,float32,tolerance,mac-mps,ok,True,2.4953393596174953e-06,3.852136383664761e-12,0.2825104580260813,0.28221904207021,0.28678845800459385,0.27942604199051857,0.002436458133161068,3.9824059250270154e-08,False,False,"[12,12,12]",,0.8975152984632729,0.8975152984632729
multinomial_3,multinomial,large,200000 × 24 × 6,float32,tolerance,fwk-cpu,ok,True,1.2516305359351247e-05,4.888189478418713e-11,0.7117754119681194,0.7087232220219448,0.7163632480660453,0.71168108494021,5.729601252824068e-05,1.8292002755075521e-06,False,False,"[12,12,12]",,1.0,0.3562323926773003
multinomial_3,multinomial,large,200000 × 24 × 6,float32,tolerance,fwk-cuda,ok,True,2.4953393596174953e-06,3.853453623571636e-12,0.05925358599051833,0.05890846694819629,0.061112057068385184,0.05088719807099551,0.008299503941088915,4.30872167213181e-08,False,False,"[12,12,12]",,12.012360097193387,4.2791917791245275
gmm_1,gmm,small,1000 × 6 × 10,float64,tolerance,mac-cpu,ok,True,0.0,0.0,0.003916583955287933,0.003907875157892704,0.0041962917894124985,0.0039029577746987343,1.2666918337345123e-05,6.9226981066293115e-09,False,False,"[null,null,null]",,1.0,1.0
gmm_1,gmm,small,1000 × 6 × 10,float64,tolerance,mac-mps,error,,,,,,,,,,False,False,,MPS has no float64,,
gmm_1,gmm,small,1000 × 6 × 10,float64,tolerance,fwk-cpu,ok,True,6.698640215738564e-17,1.7276683948463426e-18,0.010451060021296144,0.010423765983432531,0.01046067604329437,0.010426582070067525,2.484000287950039e-05,6.9226980717969e-09,False,False,"[null,null,null]",,1.0,0.37475470883404205
gmm_1,gmm,small,1000 × 6 × 10,float64,tolerance,fwk-cuda,ok,True,6.698640215738564e-17,1.7276683948463426e-18,0.021622135071083903,0.021289407974109054,0.02187325502745807,0.021581322071142495,2.844689879566431e-05,6.922698147121846e-09,False,False,"[null,null,null]",,0.48335004785317154,0.1811377064481356
gmm_2,gmm,medium,20000 × 12 × 18,float64,tolerance,mac-cpu,ok,True,0.0,0.0,0.019155332818627357,0.01904674991965294,0.0191687922924757,0.019136458169668913,1.3667158782482147e-05,1.4182788425946228e-09,False,False,"[null,null,null]",,1.0,1.0
gmm_2,gmm,medium,20000 × 12 × 18,float64,tolerance,mac-mps,error,,,,,,,,,,False,False,,MPS has no float64,,
gmm_2,gmm,medium,20000 × 12 × 18,float64,tolerance,fwk-cpu,ok,True,3.383591157284445e-17,1.3551580788641233e-20,0.04405169596429914,0.04401364806108177,0.04484105494339019,0.044024760951288044,2.2658961825072765e-05,1.4182788323218072e-09,False,False,"[null,null,null]",,1.0,0.43483757887894786
gmm_2,gmm,medium,20000 × 12 × 18,float64,tolerance,fwk-cuda,ok,True,3.4421594552499585e-16,5.420632315456493e-20,0.024864608072675765,0.024675698950886726,0.026356471003964543,0.024818088044412434,2.8908951207995415e-05,1.418278829153904e-09,False,False,"[null,null,null]",,1.7716625910829646,0.7703854716969197
gmm_3,gmm,large,200000 × 24 × 32,float64,tolerance,mac-cpu,ok,True,0.0,0.0,0.34859220776706934,0.347957500256598,0.3531599170528352,0.3485763748176396,1.4416873455047607e-05,6.852357423083625e-10,False,False,"[null,null,null]",,1.0,1.0
gmm_3,gmm,large,200000 × 24 × 32,float64,tolerance,mac-mps,error,,,,,,,,,,False,False,,MPS has no float64,,
gmm_3,gmm,large,200000 × 24 × 32,float64,tolerance,fwk-cpu,ok,True,4.230786407594546e-16,1.8634568010262808e-20,1.0520006039878353,1.0397683929186314,1.061219907947816,1.0519713800167665,2.338690683245659e-05,6.852357418879563e-10,False,False,"[null,null,null]",,1.0,0.331361223981864
gmm_3,gmm,large,200000 × 24 × 32,float64,tolerance,fwk-cuda,ok,True,6.592759187294569e-16,2.3716722922152668e-20,0.16593515104614198,0.16493673902004957,0.16621447796933353,0.16589654004201293,3.066007047891617e-05,6.852357384019922e-10,False,False,"[null,null,null]",,6.339829730804313,2.1007737394359287
mmr_1,mmr,small,256 × 3,float32,tolerance,mac-cpu,ok,True,0.0,0.0,0.004535416141152382,0.004402916878461838,0.004566874820739031,0.0044190832413733006,0.0001066247932612896,1.8929622456198558e-06,False,False,"[null,null,null]",,1.0,1.0
mmr_1,mmr,small,256 × 3,float32,tolerance,mac-mps,ok,True,3.7826850466828726e-08,1.1606892479269007e-09,0.03863845765590668,0.03715279186144471,0.039530249778181314,0.03693304071202874,0.0015190420672297478,1.9124126993119717e-06,False,False,"[null,null,null]",,0.11738087947356385,0.11738087947356385
mmr_1,mmr,small,256 × 3,float32,tolerance,fwk-cpu,ok,True,0.0,2.3213784958538014e-10,0.0062375920824706554,0.006204136996529996,0.006348793976940215,0.0060413399478420615,0.00017977505922317505,1.8933760657091625e-06,False,False,"[null,null,null]",,1.0,0.7271100901096347
mmr_1,mmr,small,256 × 3,float32,tolerance,fwk-cuda,ok,True,0.0,6.964135487561404e-10,0.0124584399163723,0.01214626501314342,0.012945107999257743,0.012139183934777975,0.0002979279961436987,1.8943101167678833e-06,False,False,"[null,null,null]",,0.5006720042269099,0.36404366610879985
mmr_2,mmr,medium,1024 × 3,float32,tolerance,mac-cpu,ok,True,0.0,0.0,0.01692258333787322,0.016884165816009045,0.01768875028938055,0.016813375055789948,0.00010649999603629112,4.2484589357627556e-06,False,False,"[null,null,null]",,1.0,1.0
mmr_2,mmr,medium,1024 × 3,float32,tolerance,mac-mps,ok,True,0.0,5.8163122248106965e-11,0.051161791663616896,0.05109783401712775,0.051194583997130394,0.04939483292400837,0.001600916963070631,4.24684549216181e-06,False,False,"[null,null,null]",,0.33076604214991784,0.33076604214991784
mmr_2,mmr,medium,1024 × 3,float32,tolerance,fwk-cpu,ok,True,1.0249446519638493e-08,2.3265248899242786e-10,0.040895855985581875,0.04072745400480926,0.04093873698730022,0.04065969295334071,0.00018170604016631842,4.244910087436438e-06,False,False,"[null,null,null]",,1.0,0.4137970200168789
mmr_2,mmr,medium,1024 × 3,float32,tolerance,fwk-cuda,ok,True,0.0,1.1632624449621393e-10,0.013967931037768722,0.013878253055736423,0.014126989059150219,0.013533209916204214,0.0003048970829695463,4.2478786781430244e-06,False,False,"[null,null,null]",,2.927839196442274,1.2115311345764264
mmr_3,mmr,large,4096 × 3,float32,tolerance,mac-cpu,ok,True,0.0,0.0,0.26695187482982874,0.2665715841576457,0.27242300007492304,0.2668259576894343,0.00010816706344485283,5.3254734666552395e-06,False,False,"[null,null,null]",,1.0,1.0
mmr_3,mmr,large,4096 × 3,float32,tolerance,mac-mps,ok,True,1.0339962027937047e-08,5.819330680517498e-11,0.1738318749703467,0.17017799988389015,0.17489833291620016,0.17217516712844372,0.0015349588356912136,5.3295188990887254e-06,False,False,"[null,null,null]",,1.5356900158579492,1.5356900158579492
mmr_3,mmr,large,4096 × 3,float32,tolerance,fwk-cpu,ok,True,0.0,2.909665340258749e-11,0.7392627649242058,0.7306242410559207,0.7554764699889347,0.7390251399483532,0.00019354501273483038,5.325302481651306e-06,False,False,"[null,null,null]",,1.0,0.3611055331012085
mmr_3,mmr,large,4096 × 3,float32,tolerance,fwk-cuda,ok,True,1.0339962027937047e-08,0.0,0.02880215598270297,0.028667235979810357,0.02881215198431164,0.028372664004564285,0.00034351705107837915,5.329340638127178e-06,False,False,"[null,null,null]",,25.666924565236275,9.26846847819815
smd_1,smd,small,1000 × 6,float32,tolerance,mac-cpu,ok,True,0.0,0.0,0.002018250059336424,0.0020144586451351643,0.0021204999648034573,0.0019162911921739578,9.43746417760849e-05,3.6770750739378855e-05,False,False,"[null,null,null]",,1.0,1.0
smd_1,smd,small,1000 × 6,float32,tolerance,mac-mps,ok,True,2.139307329082929e-08,1.1946839900207347e-08,0.05727970786392689,0.057034125085920095,0.05920575000345707,0.055516624823212624,0.0016575409099459648,3.675185143947601e-05,False,False,"[null,null,null]",,0.03523499219184146,0.03523499219184146
smd_1,smd,small,1000 × 6,float32,tolerance,fwk-cpu,ok,True,4.278614658165858e-08,1.9298741377258022e-08,0.005422036978416145,0.005327156977728009,0.005434722057543695,0.005188235081732273,0.00020075100474059582,3.674554682220332e-05,False,False,"[null,null,null]",,1.0,0.37223096547858364
smd_1,smd,small,1000 × 6,float32,tolerance,fwk-cuda,ok,True,3.2089609936243936e-08,1.837975369262669e-08,0.01540430507156998,0.015275128069333732,0.01559010602068156,0.015068128006532788,0.00029682100284844637,3.6811456084251404e-05,False,False,"[null,null,null]",,0.351981926690286,0.13101857240293718
smd_2,smd,medium,20000 × 6,float32,tolerance,mac-cpu,ok,True,0.0,0.0,0.004550292156636715,0.004341667052358389,0.004661708138883114,0.00444037513807416,0.00010016700252890587,9.333612979389727e-06,False,False,"[null,null,null]",,1.0,1.0
smd_2,smd,medium,20000 × 6,float32,tolerance,mac-mps,ok,True,7.922503339929346e-08,1.0351461755025445e-08,0.04652574984356761,0.04619308328256011,0.04674154194071889,0.044642583001405,0.0015514162369072437,9.373048669658601e-06,False,False,"[null,null,null]",,0.09780158668986638,0.09780158668986638
smd_2,smd,medium,20000 × 6,float32,tolerance,fwk-cpu,ok,True,6.932190422438177e-08,9.886227518844526e-09,0.008157153963111341,0.008073025033809245,0.008718765922822058,0.007963530952110887,0.00018092396203428507,9.365729056298733e-06,False,False,"[null,null,null]",,1.0,0.5578284015741589
smd_2,smd,medium,20000 × 6,float32,tolerance,fwk-cuda,ok,True,6.932190422438177e-08,9.653610400754066e-09,0.013028902001678944,0.012127419002354145,0.013748631929047406,0.012374172918498516,0.0006173150613903999,9.369643521495163e-06,False,False,"[null,null,null]",,0.6260814581351664,0.34924601904675856
smd_3,smd,large,200000 × 6,float32,tolerance,mac-cpu,ok,True,0.0,0.0,0.027228542137891054,0.027027207892388105,0.027314333245158195,0.02711983397603035,0.00010287482291460037,8.126618013193365e-06,False,False,"[null,null,null]",,1.0,1.0
smd_3,smd,large,200000 × 6,float32,tolerance,mac-mps,ok,True,2.764462830316284e-07,1.7504222008981696e-08,0.06336412485688925,0.06316654197871685,0.06419245805591345,0.06156320823356509,0.0021527078934013844,8.165327017195523e-06,False,False,"[null,null,null]",,0.4297154296597318,0.4297154296597318
smd_3,smd,large,200000 × 6,float32,tolerance,fwk-cpu,ok,True,2.764462830316284e-07,1.7256863925729256e-08,0.03881153406109661,0.038571154000237584,0.03888432297389954,0.03858778695575893,0.0001861940836533904,8.163162419805303e-06,False,False,"[null,null,null]",,1.0,0.7015579980690339
smd_3,smd,large,200000 × 6,float32,tolerance,fwk-cuda,ok,True,2.764462830316284e-07,1.749694677123898e-08,0.016196327982470393,0.01614317507483065,0.016599064925685525,0.01293167402036488,0.0032279309816658497,8.166288353095297e-06,False,False,"[null,null,null]",,2.396316875226477,1.6811552697229302
neural_smd_1,neural_smd,small,1000 × 6,float32,fixed_steps,mac-cpu,ok,True,0.0,0.0,0.019472583197057247,0.019403167068958282,0.019738665781915188,0.019280374981462955,0.000167124904692173,0.006992232985794544,True,False,"[60,60,60]",,1.0,1.0
neural_smd_1,neural_smd,small,1000 × 6,float32,fixed_steps,mac-mps,ok,True,2.6688583093871504e-07,3.6871178289119755e-09,0.05786433396860957,0.05748595902696252,0.06053300015628338,0.05548058310523629,0.0022790003567934036,0.006992230657488108,True,False,"[60,60,60]",,0.3365213398571354,0.3365213398571354
neural_smd_1,neural_smd,small,1000 × 6,float32,fixed_steps,fwk-cpu,ok,True,4.714983013250632e-07,7.374235657823951e-09,0.030221226974390447,0.030090091982856393,0.030287214904092252,0.029865112039260566,0.00030368391890078783,0.0069921850226819515,True,False,"[60,60,60]",,1.0,0.6443346331887309
neural_smd_1,neural_smd,small,1000 × 6,float32,fixed_steps,fwk-cuda,ok,True,3.7364016331420106e-07,9.217794572279939e-10,0.05319848097860813,0.052306447993032634,0.054263929021544755,0.05267340096179396,0.0004416239680722356,0.006992267444729805,True,False,"[60,60,60]",,0.568084396743261,0.36603645139581054
neural_smd_2,neural_smd,medium,10000 × 6,float32,fixed_steps,mac-cpu,ok,True,0.0,0.0,0.0700262077152729,0.06978937471285462,0.07023558393120766,0.06982537498697639,0.00017149979248642921,0.008390902541577816,True,False,"[60,60,60]",,1.0,1.0
neural_smd_2,neural_smd,medium,10000 × 6,float32,fixed_steps,mac-mps,ok,True,5.019647977824056e-07,1.2987313803560632e-08,0.06213579187169671,0.06108383322134614,0.06322679109871387,0.059567291755229235,0.002281750086694956,0.00839074794203043,True,False,"[60,60,60]",,1.126986646599258,1.126986646599258
neural_smd_2,neural_smd,medium,10000 × 6,float32,fixed_steps,fwk-cpu,ok,True,5.378194261954346e-07,1.205964853187773e-08,0.14526594197377563,0.14182494103442878,0.14602812903467566,0.14490716101136059,0.00029846199322491884,0.008390773087739944,True,False,"[60,60,60]",,1.0,0.4820552344465883
neural_smd_2,neural_smd,medium,10000 × 6,float32,fixed_steps,fwk-cuda,ok,True,4.3025554095634764e-07,1.4378811711084985e-08,0.053131086053326726,0.052771762013435364,0.05352974508423358,0.05244601902086288,0.0005994649836793542,0.008390724658966064,True,False,"[60,60,60]",,2.7341045095139744,1.317989390335233
neural_smd_3,neural_smd,large,50000 × 6,float32,fixed_steps,mac-cpu,ok,True,0.0,0.0,0.30772170796990395,0.30713225016370416,0.31062295800074935,0.30750437499955297,0.0001726658083498478,0.011655470356345177,True,False,"[60,60,60]",,1.0,1.0
neural_smd_3,neural_smd,large,50000 × 6,float32,fixed_steps,mac-mps,ok,True,4.981273833940284e-06,6.707013681164462e-08,0.17184404097497463,0.17108466709032655,0.17231004126369953,0.16932091722264886,0.0022097909823060036,0.011655159294605255,True,False,"[60,60,60]",,1.7907033972433002,1.7907033972433002
neural_smd_3,neural_smd,large,50000 × 6,float32,fixed_steps,fwk-cpu,ok,True,4.929920495446055e-06,6.102568774023125e-08,0.6478110009338707,0.6465474690776318,0.6555920889368281,0.6474318800028414,0.0003016109112650156,0.011655253358185291,True,False,"[60,60,60]",,1.0,0.47501772511781803
neural_smd_3,neural_smd,large,50000 × 6,float32,fixed_steps,fwk-cuda,ok,True,4.929920495446055e-06,6.24205606028651e-08,0.05449734698049724,0.05315662000793964,0.05510210001375526,0.05315283907111734,0.0012571769766509533,0.011655209586024284,True,False,"[60,60,60]",,11.887019035361488,5.646544740609614
matrix_completion_1,matrix_completion,small,64 × 40,float32,tolerance,mac-cpu,ok,True,0.0,0.0,0.003135917242616415,0.0030427081510424614,0.00320958299562335,0.0030988329090178013,2.5374814867973328e-05,,False,False,"[10,10,10]",,1.0,1.0
matrix_completion_1,matrix_completion,small,64 × 40,float32,tolerance,mac-mps,error,,,,,,,,,,False,False,,MPS SVD operation unavailable,,
matrix_completion_1,matrix_completion,small,64 × 40,float32,tolerance,fwk-cpu,ok,True,4.0175889278004066e-07,1.2190829738470983e-08,0.007280082092620432,0.007235120981931686,0.00734432996250689,0.00720789295155555,5.128607153892517e-05,,False,False,"[10,10,10]",,1.0,0.43075300562821756
matrix_completion_1,matrix_completion,small,64 × 40,float32,tolerance,fwk-cuda,ok,True,3.6756155845412056e-06,2.4381659476941965e-08,0.019135810085572302,0.01905539899598807,0.019218430039472878,0.018972194055095315,0.00012335798237472773,,False,False,"[10,10,10]",,0.38044284825492425,0.1638769003555685
matrix_completion_2,matrix_completion,medium,256 × 120,float32,tolerance,mac-cpu,ok,True,0.0,0.0,0.014176500029861927,0.014162082690745592,0.01426745904609561,0.014134124852716923,2.7209054678678513e-05,,False,False,"[7,7,7]",,1.0,1.0
matrix_completion_2,matrix_completion,medium,256 × 120,float32,tolerance,mac-mps,error,,,,,,,,,,False,False,,MPS SVD operation unavailable,,
matrix_completion_2,matrix_completion,medium,256 × 120,float32,tolerance,fwk-cpu,ok,True,3.7719650957437903e-07,2.420914884070375e-08,0.02544071595184505,0.025430641951970756,0.025442384998314083,0.025367736001498997,4.746497143059969e-05,,False,False,"[7,7,7]",,1.0,0.5572366774856349
matrix_completion_2,matrix_completion,medium,256 × 120,float32,tolerance,fwk-cuda,ok,True,2.0066854309356965e-05,2.541960628273894e-07,0.02638732094783336,0.026363013894297183,0.026539621059782803,0.026096260990016162,0.00019375490956008434,,False,False,"[7,7,7]",,0.9641265212993881,0.5372466594046542
matrix_completion_3,matrix_completion,large,1024 × 240,float32,tolerance,mac-cpu,ok,True,0.0,0.0,0.07680316595360637,0.07607074966654181,0.07741720788180828,0.07675262494012713,2.7083326131105423e-05,,False,False,"[6,6,6]",,1.0,1.0
matrix_completion_3,matrix_completion,large,1024 × 240,float32,tolerance,mac-mps,error,,,,,,,,,,False,False,,MPS SVD operation unavailable,,
matrix_completion_3,matrix_completion,large,1024 × 240,float32,tolerance,fwk-cpu,ok,True,4.6125682521724273e-07,1.1962060316081414e-08,0.07283804495818913,0.0718576320214197,0.0757798389531672,0.07270223298110068,5.04140043631196e-05,,False,False,"[6,6,6]",,1.0,1.05443749894294
matrix_completion_3,matrix_completion,large,1024 × 240,float32,tolerance,fwk-cuda,ok,True,9.686393329562097e-06,1.0167751268669201e-06,0.04462978907395154,0.04445737600326538,0.04480632802005857,0.04338341508992016,0.0006460900185629725,,False,False,"[6,6,6]",,1.6320499484659567,1.7208946658103974
latent_gaussian_1,latent_gaussian,small,64 × 40,float32,fixed_steps,mac-cpu,ok,True,0.0,0.0,0.028136333916336298,0.027849833946675062,0.028394249733537436,0.028088374994695187,3.216695040464401e-05,,False,False,"[120,120,120]",,1.0,1.0
latent_gaussian_1,latent_gaussian,small,64 × 40,float32,fixed_steps,mac-mps,error,,,,,,,,,,False,False,,MPS least-squares operation unavailable,,
latent_gaussian_1,latent_gaussian,small,64 × 40,float32,fixed_steps,fwk-cpu,ok,True,1.7080187981132882e-07,0.0,0.05845076497644186,0.05784387490712106,0.05954752000980079,0.05837223003618419,4.9564987421035767e-05,,False,False,"[120,120,120]",,1.0,0.48136810403895375
latent_gaussian_1,latent_gaussian,small,64 × 40,float32,fixed_steps,fwk-cuda,ok,True,6.405070492924831e-07,0.0,0.10970629600342363,0.08735884097404778,0.11068346106912941,0.10945275204721838,0.00014849891886115074,,False,False,"[120,120,120]",,0.532793167810695,0.2564696370339423
latent_gaussian_2,latent_gaussian,medium,256 × 120,float32,fixed_steps,mac-cpu,ok,True,1.600813853763253e-07,1.8267667984286766e-09,0.09955916693434119,0.09934049984440207,0.09964199969545007,0.09950408292934299,2.9165763407945633e-05,,False,False,"[120,120,120]",,1.0,1.0
latent_gaussian_2,latent_gaussian,medium,256 × 120,float32,fixed_steps,mac-mps,error,,,,,,,,,,False,False,,MPS least-squares operation unavailable,,
latent_gaussian_2,latent_gaussian,medium,256 × 120,float32,fixed_steps,fwk-cpu,ok,True,8.604374463977486e-07,3.6535335968573533e-09,0.17012682906351984,0.1694458699785173,0.17091194097884,0.1700318040093407,6.15529716014862e-05,,False,False,"[120,120,120]",,1.0,0.585205563886511
latent_gaussian_2,latent_gaussian,medium,256 × 120,float32,fixed_steps,fwk-cuda,ok,True,6.803458878493826e-07,7.307067193714707e-09,0.11264075490180403,0.11223987501580268,0.12337219901382923,0.11219316301867366,0.00037056999281048775,,False,False,"[120,120,120]",,1.5103488005902481,0.8838645215147317
latent_gaussian_3,latent_gaussian,large,1024 × 240,float32,fixed_steps,mac-cpu,ok,True,1.2137516852183555e-07,0.0,0.45502775022760034,0.45197016559541225,0.45628316700458527,0.4549781670793891,3.116624429821968e-05,,False,False,"[120,120,120]",,1.0,1.0
latent_gaussian_3,latent_gaussian,large,1024 × 240,float32,fixed_steps,mac-mps,error,,,,,,,,,,False,False,,MPS least-squares operation unavailable,,
latent_gaussian_3,latent_gaussian,large,1024 × 240,float32,fixed_steps,fwk-cpu,ok,True,1.099962397975074e-06,1.8258109093125691e-09,0.8147952690487728,0.7928436569636688,0.8645938870031387,0.8147003330523148,5.5761076509952545e-05,,False,False,"[120,120,120]",,1.0,0.5584565442541406
latent_gaussian_3,latent_gaussian,large,1024 × 240,float32,fixed_steps,fwk-cuda,ok,True,5.325335195713806e-06,1.8258109093125693e-08,0.12616102793253958,0.12506260396912694,0.12976104707922786,0.12434522493276745,0.001731951953843236,,False,False,"[120,120,120]",,6.458375319234538,3.6067219622759517
sdid_1,sdid,small,100 × 50,float32,tolerance,mac-cpu,ok,True,0.0,0.0,0.0711812088266015,0.07118004187941551,0.07141645811498165,0.07114070793613791,2.5250017642974854e-05,,False,True,"[{""omega"":1000,""lambda"":1000},{""omega"":1000,""lambda"":1000},{""omega"":1000,""lambda"":1000}]",,1.0,1.0
sdid_1,sdid,small,100 × 50,float32,tolerance,mac-mps,ok,True,0.0,3.2422201192492915e-09,3.430733166169375,3.4189254171214998,3.437518207821995,3.429246542043984,0.0009530829265713692,,False,True,"[{""omega"":1000,""lambda"":1000},{""omega"":1000,""lambda"":1000},{""omega"":1000,""lambda"":1000}]",,0.0207481040870572,0.0207481040870572
sdid_1,sdid,small,100 × 50,float32,tolerance,fwk-cpu,ok,True,3.053115912400487e-08,1.0854486133791962e-07,0.13003352307714522,0.12943249999079853,0.13221760804299265,0.12995160091668367,5.09810633957386e-05,,False,True,"[{""omega"":1000,""lambda"":1000},{""omega"":1000,""lambda"":1000},{""omega"":1000,""lambda"":1000}]",,1.0,0.5474066005607777
sdid_1,sdid,small,100 × 50,float32,tolerance,fwk-cuda,ok,True,6.106231824800973e-08,1.0854486133791962e-07,0.49936584499664605,0.4950389990117401,0.5032488129800186,0.49916178500279784,0.00012909190263599157,,False,True,"[{""omega"":1000,""lambda"":1000},{""omega"":1000,""lambda"":1000},{""omega"":1000,""lambda"":1000}]",,0.2603973106691319,0.14254320662855824
sdid_2,sdid,medium,500 × 120,float32,tolerance,mac-cpu,ok,True,0.0,0.0,0.09652541717514396,0.09623083425685763,0.09670649981126189,0.09648554213345051,2.491706982254982e-05,,False,True,"[{""omega"":1000,""lambda"":1000},{""omega"":1000,""lambda"":1000},{""omega"":1000,""lambda"":1000}]",,1.0,1.0
sdid_2,sdid,medium,500 × 120,float32,tolerance,mac-mps,ok,True,5.972020011283534e-08,1.7503705534461646e-07,3.4335424583405256,3.4293106249533594,3.4444992910139263,3.4320064168423414,0.0010172082111239433,,False,True,"[{""omega"":1000,""lambda"":1000},{""omega"":1000,""lambda"":1000},{""omega"":1000,""lambda"":1000}]",,0.028112486840135335,0.028112486840135335
sdid_2,sdid,medium,500 × 120,float32,tolerance,fwk-cpu,ok,True,0.0,2.1879631918077058e-08,0.18067977007012814,0.1802235720679164,0.18205514107830822,0.18060425308067352,4.5874970965087414e-05,,False,True,"[{""omega"":1000,""lambda"":1000},{""omega"":1000,""lambda"":1000},{""omega"":1000,""lambda"":1000}]",,1.0,0.5342347797856897
sdid_2,sdid,medium,500 × 120,float32,tolerance,fwk-cuda,ok,True,0.0,6.563889575423117e-08,0.4940005779499188,0.49387931800447404,0.4948350270278752,0.4936843919567764,0.0002539219567552209,,False,True,"[{""omega"":1000,""lambda"":1000},{""omega"":1000,""lambda"":1000},{""omega"":1000,""lambda"":1000}]",,0.36574809450616724,0.19539535272553787
sdid_3,sdid,large,2000 × 240,float32,tolerance,mac-cpu,ok,True,0.0,0.0,0.12935070926323533,0.12648225016891956,0.12937345914542675,0.12931404216215014,2.3167114704847336e-05,,False,True,"[{""omega"":1000,""lambda"":1000},{""omega"":1000,""lambda"":1000},{""omega"":1000,""lambda"":1000}]",,1.0,1.0
sdid_3,sdid,large,2000 × 240,float32,tolerance,mac-mps,ok,True,5.950245947465992e-08,1.450116254611702e-07,3.516947249881923,3.514485167339444,3.5609922083094716,3.515260166954249,0.0011768341064453125,,False,True,"[{""omega"":1000,""lambda"":1000},{""omega"":1000,""lambda"":1000},{""omega"":1000,""lambda"":1000}]",,0.036779257712090535,0.036779257712090535
sdid_3,sdid,large,2000 × 240,float32,tolerance,fwk-cpu,ok,True,5.950245947465992e-08,8.459011485234928e-08,0.24094943096861243,0.2409460929920897,0.24384164297953248,0.2408652149606496,4.770397208631039e-05,,False,True,"[{""omega"":1000,""lambda"":1000},{""omega"":1000,""lambda"":1000},{""omega"":1000,""lambda"":1000}]",,1.0,0.536837579334584
sdid_3,sdid,large,2000 × 240,float32,tolerance,fwk-cuda,ok,True,5.950245947465992e-08,8.459011485234928e-08,0.5014563410077244,0.500404721009545,0.5043497920269147,0.5003355731023476,0.001069427002221346,,False,True,"[{""omega"":1000,""lambda"":1000},{""omega"":1000,""lambda"":1000},{""omega"":1000,""lambda"":1000}]",,0.48049932020881725,0.2579500919328146
nfxp_1,nfxp,small,2000 × 16,float64,tolerance,mac-cpu,ok,True,0.0,0.0,0.1567822089418769,0.1560922497883439,0.1575357080437243,0.15659537492319942,0.00015587499365210533,1.213097780700112e-06,False,False,"[12,12,12]",,1.0,1.0
nfxp_1,nfxp,small,2000 × 16,float64,tolerance,mac-mps,error,,,,,,,,,,False,False,,MPS has no float64,,
nfxp_1,nfxp,small,2000 × 16,float64,tolerance,fwk-cpu,ok,True,1.1784944891907592e-15,0.0,0.36621354904491454,0.36597553093452007,0.3714974990580231,0.36587263201363385,0.0004397010197862983,1.2130977795100917e-06,False,False,"[12,12,12]",,1.0,0.42811689887161497
nfxp_1,nfxp,small,2000 × 16,float64,tolerance,fwk-cuda,ok,True,1.9641574819845985e-15,0.0,0.6753403330221772,0.6738460919586942,0.6804492700612172,0.6746957650175318,0.0007976130582392216,1.2130977802699006e-06,False,False,"[12,12,12]",,0.5422651826614487,0.23215288836706927
nfxp_2,nfxp,medium,10000 × 48,float64,tolerance,mac-cpu,ok,True,0.0,0.0,0.21850283397361636,0.217441791202873,0.2195127080194652,0.21832408336922526,0.00016870861873030663,1.3415150469445192e-06,False,False,"[12,12,12]",,1.0,1.0
nfxp_2,nfxp,medium,10000 × 48,float64,tolerance,mac-mps,error,,,,,,,,,,False,False,,MPS has no float64,,
nfxp_2,nfxp,medium,10000 × 48,float64,tolerance,fwk-cpu,ok,True,6.006949740456659e-16,0.0,0.4132365050027147,0.4106461340561509,0.41338936099782586,0.4127716060029343,0.0004410400288179517,1.3415150442765145e-06,False,False,"[12,12,12]",,1.0,0.5287597570117406
nfxp_2,nfxp,medium,10000 × 48,float64,tolerance,fwk-cuda,ok,True,1.0512162045799152e-15,7.368261668657557e-17,0.7398081389255822,0.7393991800490767,0.7449815769214183,0.7387774299131706,0.0008306710515171289,1.3415150465906356e-06,False,False,"[12,12,12]",,0.5585725315253425,0.29535067604277293
nfxp_3,nfxp,large,50000 × 128,float64,tolerance,mac-cpu,ok,True,0.0,0.0,0.26286158291622996,0.2621968328021467,0.26338995806872845,0.26254899986088276,0.000300500076264143,1.3658146025899431e-06,False,False,"[12,12,12]",,1.0,1.0
nfxp_3,nfxp,large,50000 × 128,float64,tolerance,mac-mps,error,,,,,,,,,,False,False,,MPS has no float64,,
nfxp_3,nfxp,large,50000 × 128,float64,tolerance,fwk-cpu,ok,True,1.4666904900892717e-16,3.715311823194457e-17,0.5590860469965264,0.5585875069955364,0.567687132046558,0.5582490189699456,0.0008131989743560553,1.3658145983537484e-06,False,False,"[12,12,12]",,1.0,0.47016301753254647
nfxp_3,nfxp,large,50000 × 128,float64,tolerance,fwk-cuda,ok,True,2.9333809801785435e-16,3.715311823194457e-17,0.8051919309655204,0.8029736600583419,0.8149134169798344,0.8038146949838847,0.0012873710365965962,1.365814598808246e-06,False,False,"[12,12,12]",,0.6943512788635575,0.32645829249807284
hotz_miller_1,hotz_miller,small,2000 × 16,float64,tolerance,mac-cpu,ok,True,0.0,0.0,0.00978916697204113,0.009013291914016008,0.009808416943997145,0.009574750438332558,0.00016424991190433502,1.1343089813958818e-07,False,False,"[12,12,12]",,1.0,1.0
hotz_miller_1,hotz_miller,small,2000 × 16,float64,tolerance,mac-mps,error,,,,,,,,,,False,False,,MPS has no float64,,
hotz_miller_1,hotz_miller,small,2000 × 16,float64,tolerance,fwk-cpu,ok,True,2.900172711344378e-15,7.261988414213636e-17,0.019507674034684896,0.019461399991996586,0.019731367006897926,0.019151999964378774,0.00033576402347534895,1.1343089659568428e-07,False,False,"[12,12,12]",,1.0,0.5018110798158645
hotz_miller_1,hotz_miller,small,2000 × 16,float64,tolerance,fwk-cuda,ok,True,2.7434066188392767e-15,0.0,0.04898979002609849,0.048695186036638916,0.04953962308354676,0.04837999597657472,0.0005844089901074767,1.134308973138598e-07,False,False,"[12,12,12]",,0.3981987680349826,0.19982055376898156
hotz_miller_2,hotz_miller,medium,10000 × 48,float64,tolerance,mac-cpu,ok,True,0.0,0.0,0.013127333018928766,0.013070709072053432,0.01329320902004838,0.012948750052601099,0.00016924971714615822,2.310775470901194e-07,False,False,"[12,12,12]",,1.0,1.0
hotz_miller_2,hotz_miller,medium,10000 × 48,float64,tolerance,mac-mps,error,,,,,,,,,,False,False,,MPS has no float64,,
hotz_miller_2,hotz_miller,medium,10000 × 48,float64,tolerance,fwk-cpu,ok,True,1.4281107544941578e-15,0.0,0.026877718046307564,0.026836831006221473,0.026898912037722766,0.026507643051445484,0.0003444720059633255,2.3107754661827462e-07,False,False,"[12,12,12]",,1.0,0.48840950694964924
hotz_miller_2,hotz_miller,medium,10000 × 48,float64,tolerance,fwk-cuda,ok,True,1.503274478414903e-16,0.0,0.04900657990947366,0.0485314269317314,0.049517486011609435,0.048324642004445195,0.0006550319958478212,2.3107754717338613e-07,False,False,"[12,12,12]",,0.5484512099386827,0.26786878503209055
hotz_miller_3,hotz_miller,large,50000 × 128,float64,tolerance,mac-cpu,ok,True,0.0,0.0,0.033389334101229906,0.032941417302936316,0.033415709156543016,0.033041167072951794,0.000300500076264143,9.053128678729316e-07,False,False,"[12,12,12]",,1.0,1.0
hotz_miller_3,hotz_miller,large,50000 × 128,float64,tolerance,mac-mps,error,,,,,,,,,,False,False,,MPS has no float64,,
hotz_miller_3,hotz_miller,large,50000 × 128,float64,tolerance,fwk-cpu,ok,True,2.930521696265314e-16,0.0,0.06757194001693279,0.06714080204255879,0.06779694103170186,0.06690310896374285,0.0006789449835196137,9.05312869940722e-07,False,False,"[12,12,12]",,1.0,0.494130168422912
hotz_miller_3,hotz_miller,large,50000 × 128,float64,tolerance,fwk-cuda,ok,True,1.02568259369286e-15,3.7153141902025313e-17,0.06345053797122091,0.06235641101375222,0.0637088268995285,0.06241491809487343,0.000995005015283823,9.053128696284718e-07,False,False,"[12,12,12]",,1.0649545642557232,0.5262261781984294
